,model_type,clf,parameters,split_date,min_year_in_train,max_year_in_train,min_year_in_test,max_year_in_test,random_baseline,p_at_1,recall_at_1,f1_at_1,p_at_2,recall_at_2,f1_at_2,p_at_5,recall_at_5,f1_at_5,p_at_10,recall_at_10,f1_at_10,p_at_20,recall_at_20,f1_at_20,p_at_30,recall_at_30,f1_at_30,p_at_50,recall_at_50,f1_at_50,auc-roc
0,RF,"RandomForestClassifier(bootstrap=True, class_weight=None, criterion='gini',
                       max_depth=50, max_features='log2', max_leaf_nodes=None,
                       min_impurity_decrease=0.0, min_impurity_split=None,
                       min_samples_leaf=1, min_samples_split=10,
                       min_weight_fraction_leaf=0.0, n_estimators=10000,
                       n_jobs=-1, oob_score=False, random_state=None, verbose=0,
                       warm_start=False)","{'max_depth': 5, 'max_features': 'sqrt', 'min_samples_split': 2, 'n_estimators': 100, 'n_jobs': -1}",2013-01-01,2010-01-01,2012-01-01,2013-01-01,2013-01-01,0.10062893081761007,0.8571428571428571,0.075,0.13793103448275862,0.6666666666666666,0.125,0.21052631578947367,0.5897435897435898,0.2875,0.38655462184873945,0.4810126582278481,0.475,0.4779874213836478,0.3584905660377358,0.7125,0.47698744769874474,0.31092436974789917,0.925,0.46540880503144655,0.19395465994962216,0.9625,0.32285115303983225,0.890472027972028
1,RF,"RandomForestClassifier(bootstrap=True, class_weight=None, criterion='gini',
                       max_depth=50, max_features='log2', max_leaf_nodes=None,
                       min_impurity_decrease=0.0, min_impurity_split=None,
                       min_samples_leaf=1, min_samples_split=10,
                       min_weight_fraction_leaf=0.0, n_estimators=10000,
                       n_jobs=-1, oob_score=False, random_state=None, verbose=0,
                       warm_start=False)","{'max_depth': 5, 'max_features': 'sqrt', 'min_samples_split': 2, 'n_estimators': 10000, 'n_jobs': -1}",2013-01-01,2010-01-01,2012-01-01,2013-01-01,2013-01-01,0.10062893081761007,0.8571428571428571,0.075,0.13793103448275862,0.6666666666666666,0.125,0.21052631578947367,0.5384615384615384,0.2625,0.3529411764705882,0.46835443037974683,0.4625,0.4654088050314466,0.3836477987421384,0.7625,0.5104602510460251,0.3067226890756303,0.9125,0.459119496855346,0.1964735516372796,0.975,0.3270440251572327,0.8916783216783216
2,RF,"RandomForestClassifier(bootstrap=True, class_weight=None, criterion='gini',
                       max_depth=50, max_features='log2', max_leaf_nodes=None,
                       min_impurity_decrease=0.0, min_impurity_split=None,
                       min_samples_leaf=1, min_samples_split=10,
                       min_weight_fraction_leaf=0.0, n_estimators=10000,
                       n_jobs=-1, oob_score=False, random_state=None, verbose=0,
                       warm_start=False)","{'max_depth': 5, 'max_features': 'sqrt', 'min_samples_split': 10, 'n_estimators': 100, 'n_jobs': -1}",2013-01-01,2010-01-01,2012-01-01,2013-01-01,2013-01-01,0.10062893081761007,0.8571428571428571,0.075,0.13793103448275862,0.6666666666666666,0.125,0.21052631578947367,0.5384615384615384,0.2625,0.3529411764705882,0.4810126582278481,0.475,0.4779874213836478,0.3710691823899371,0.7375,0.4937238493723849,0.31092436974789917,0.925,0.46540880503144655,0.1964735516372796,0.975,0.3270440251572327,0.8909265734265734
3,RF,"RandomForestClassifier(bootstrap=True, class_weight=None, criterion='gini',
                       max_depth=50, max_features='log2', max_leaf_nodes=None,
                       min_impurity_decrease=0.0, min_impurity_split=None,
                       min_samples_leaf=1, min_samples_split=10,
                       min_weight_fraction_leaf=0.0, n_estimators=10000,
                       n_jobs=-1, oob_score=False, random_state=None, verbose=0,
                       warm_start=False)","{'max_depth': 5, 'max_features': 'sqrt', 'min_samples_split': 10, 'n_estimators': 10000, 'n_jobs': -1}",2013-01-01,2010-01-01,2012-01-01,2013-01-01,2013-01-01,0.10062893081761007,0.8571428571428571,0.075,0.13793103448275862,0.6666666666666666,0.125,0.21052631578947367,0.5128205128205128,0.25,0.3361344537815126,0.46835443037974683,0.4625,0.4654088050314466,0.3836477987421384,0.7625,0.5104602510460251,0.3067226890756303,0.9125,0.459119496855346,0.1964735516372796,0.975,0.3270440251572327,0.8918706293706293
4,RF,"RandomForestClassifier(bootstrap=True, class_weight=None, criterion='gini',
                       max_depth=50, max_features='log2', max_leaf_nodes=None,
                       min_impurity_decrease=0.0, min_impurity_split=None,
                       min_samples_leaf=1, min_samples_split=10,
                       min_weight_fraction_leaf=0.0, n_estimators=10000,
                       n_jobs=-1, oob_score=False, random_state=None, verbose=0,
                       warm_start=False)","{'max_depth': 5, 'max_features': 'log2', 'min_samples_split': 2, 'n_estimators': 100, 'n_jobs': -1}",2013-01-01,2010-01-01,2012-01-01,2013-01-01,2013-01-01,0.10062893081761007,0.8571428571428571,0.075,0.13793103448275862,0.6,0.1125,0.18947368421052632,0.46153846153846156,0.225,0.3025210084033614,0.43037974683544306,0.425,0.4276729559748428,0.3333333333333333,0.6625,0.4435146443514644,0.29831932773109243,0.8875,0.44654088050314467,0.19395465994962216,0.9625,0.32285115303983225,0.8804020979020979
5,RF,"RandomForestClassifier(bootstrap=True, class_weight=None, criterion='gini',
                       max_depth=50, max_features='log2', max_leaf_nodes=None,
                       min_impurity_decrease=0.0, min_impurity_split=None,
                       min_samples_leaf=1, min_samples_split=10,
                       min_weight_fraction_leaf=0.0, n_estimators=10000,
                       n_jobs=-1, oob_score=False, random_state=None, verbose=0,
                       warm_start=False)","{'max_depth': 5, 'max_features': 'log2', 'min_samples_split': 2, 'n_estimators': 10000, 'n_jobs': -1}",2013-01-01,2010-01-01,2012-01-01,2013-01-01,2013-01-01,0.10062893081761007,0.8571428571428571,0.075,0.13793103448275862,0.6666666666666666,0.125,0.21052631578947367,0.48717948717948717,0.2375,0.31932773109243695,0.4050632911392405,0.4,0.4025157232704402,0.34591194968553457,0.6875,0.46025104602510464,0.3067226890756303,0.9125,0.459119496855346,0.19395465994962216,0.9625,0.32285115303983225,0.8794755244755245
6,RF,"RandomForestClassifier(bootstrap=True, class_weight=None, criterion='gini',
                       max_depth=50, max_features='log2', max_leaf_nodes=None,
                       min_impurity_decrease=0.0, min_impurity_split=None,
                       min_samples_leaf=1, min_samples_split=10,
                       min_weight_fraction_leaf=0.0, n_estimators=10000,
                       n_jobs=-1, oob_score=False, random_state=None, verbose=0,
                       warm_start=False)","{'max_depth': 5, 'max_features': 'log2', 'min_samples_split': 10, 'n_estimators': 100, 'n_jobs': -1}",2013-01-01,2010-01-01,2012-01-01,2013-01-01,2013-01-01,0.10062893081761007,0.8571428571428571,0.075,0.13793103448275862,0.6666666666666666,0.125,0.21052631578947367,0.48717948717948717,0.2375,0.31932773109243695,0.4177215189873418,0.4125,0.41509433962264153,0.3584905660377358,0.7125,0.47698744769874474,0.3025210084033613,0.9,0.45283018867924524,0.19395465994962216,0.9625,0.32285115303983225,0.8833304195804196
7,RF,"RandomForestClassifier(bootstrap=True, class_weight=None, criterion='gini',
                       max_depth=50, max_features='log2', max_leaf_nodes=None,
                       min_impurity_decrease=0.0, min_impurity_split=None,
                       min_samples_leaf=1, min_samples_split=10,
                       min_weight_fraction_leaf=0.0, n_estimators=10000,
                       n_jobs=-1, oob_score=False, random_state=None, verbose=0,
                       warm_start=False)","{'max_depth': 5, 'max_features': 'log2', 'min_samples_split': 10, 'n_estimators': 10000, 'n_jobs': -1}",2013-01-01,2010-01-01,2012-01-01,2013-01-01,2013-01-01,0.10062893081761007,0.8571428571428571,0.075,0.13793103448275862,0.6666666666666666,0.125,0.21052631578947367,0.48717948717948717,0.2375,0.31932773109243695,0.4050632911392405,0.4,0.4025157232704402,0.34591194968553457,0.6875,0.46025104602510464,0.3067226890756303,0.9125,0.459119496855346,0.1964735516372796,0.975,0.3270440251572327,0.8797902097902099
8,RF,"RandomForestClassifier(bootstrap=True, class_weight=None, criterion='gini',
                       max_depth=50, max_features='log2', max_leaf_nodes=None,
                       min_impurity_decrease=0.0, min_impurity_split=None,
                       min_samples_leaf=1, min_samples_split=10,
                       min_weight_fraction_leaf=0.0, n_estimators=10000,
                       n_jobs=-1, oob_score=False, random_state=None, verbose=0,
                       warm_start=False)","{'max_depth': 50, 'max_features': 'sqrt', 'min_samples_split': 2, 'n_estimators': 100, 'n_jobs': -1}",2013-01-01,2010-01-01,2012-01-01,2013-01-01,2013-01-01,0.10062893081761007,0.8571428571428571,0.075,0.13793103448275862,0.6,0.1125,0.18947368421052632,0.5384615384615384,0.2625,0.3529411764705882,0.43037974683544306,0.425,0.4276729559748428,0.3522012578616352,0.7,0.4686192468619247,0.3067226890756303,0.9125,0.459119496855346,0.1964735516372796,0.975,0.3270440251572327,0.8857604895104896
9,RF,"RandomForestClassifier(bootstrap=True, class_weight=None, criterion='gini',
                       max_depth=50, max_features='log2', max_leaf_nodes=None,
                       min_impurity_decrease=0.0, min_impurity_split=None,
                       min_samples_leaf=1, min_samples_split=10,
                       min_weight_fraction_leaf=0.0, n_estimators=10000,
                       n_jobs=-1, oob_score=False, random_state=None, verbose=0,
                       warm_start=False)","{'max_depth': 50, 'max_features': 'sqrt', 'min_samples_split': 2, 'n_estimators': 10000, 'n_jobs': -1}",2013-01-01,2010-01-01,2012-01-01,2013-01-01,2013-01-01,0.10062893081761007,0.8571428571428571,0.075,0.13793103448275862,0.6,0.1125,0.18947368421052632,0.5384615384615384,0.2625,0.3529411764705882,0.45569620253164556,0.45,0.45283018867924535,0.3836477987421384,0.7625,0.5104602510460251,0.31092436974789917,0.925,0.46540880503144655,0.1964735516372796,0.975,0.3270440251572327,0.8975000000000001
10,RF,"RandomForestClassifier(bootstrap=True, class_weight=None, criterion='gini',
                       max_depth=50, max_features='log2', max_leaf_nodes=None,
                       min_impurity_decrease=0.0, min_impurity_split=None,
                       min_samples_leaf=1, min_samples_split=10,
                       min_weight_fraction_leaf=0.0, n_estimators=10000,
                       n_jobs=-1, oob_score=False, random_state=None, verbose=0,
                       warm_start=False)","{'max_depth': 50, 'max_features': 'sqrt', 'min_samples_split': 10, 'n_estimators': 100, 'n_jobs': -1}",2013-01-01,2010-01-01,2012-01-01,2013-01-01,2013-01-01,0.10062893081761007,0.8571428571428571,0.075,0.13793103448275862,0.6,0.1125,0.18947368421052632,0.5384615384615384,0.2625,0.3529411764705882,0.4936708860759494,0.4875,0.49056603773584906,0.3836477987421384,0.7625,0.5104602510460251,0.3025210084033613,0.9,0.45283018867924524,0.19899244332493704,0.9875,0.3312368972746331,0.8975611888111888
11,RF,"RandomForestClassifier(bootstrap=True, class_weight=None, criterion='gini',
                       max_depth=50, max_features='log2', max_leaf_nodes=None,
                       min_impurity_decrease=0.0, min_impurity_split=None,
                       min_samples_leaf=1, min_samples_split=10,
                       min_weight_fraction_leaf=0.0, n_estimators=10000,
                       n_jobs=-1, oob_score=False, random_state=None, verbose=0,
                       warm_start=False)","{'max_depth': 50, 'max_features': 'sqrt', 'min_samples_split': 10, 'n_estimators': 10000, 'n_jobs': -1}",2013-01-01,2010-01-01,2012-01-01,2013-01-01,2013-01-01,0.10062893081761007,0.8571428571428571,0.075,0.13793103448275862,0.6666666666666666,0.125,0.21052631578947367,0.5384615384615384,0.2625,0.3529411764705882,0.4810126582278481,0.475,0.4779874213836478,0.3710691823899371,0.7375,0.4937238493723849,0.31092436974789917,0.925,0.46540880503144655,0.1964735516372796,0.975,0.3270440251572327,0.8973076923076924
12,RF,"RandomForestClassifier(bootstrap=True, class_weight=None, criterion='gini',
                       max_depth=50, max_features='log2', max_leaf_nodes=None,
                       min_impurity_decrease=0.0, min_impurity_split=None,
                       min_samples_leaf=1, min_samples_split=10,
                       min_weight_fraction_leaf=0.0, n_estimators=10000,
                       n_jobs=-1, oob_score=False, random_state=None, verbose=0,
                       warm_start=False)","{'max_depth': 50, 'max_features': 'log2', 'min_samples_split': 2, 'n_estimators': 100, 'n_jobs': -1}",2013-01-01,2010-01-01,2012-01-01,2013-01-01,2013-01-01,0.10062893081761007,0.8571428571428571,0.075,0.13793103448275862,0.6,0.1125,0.18947368421052632,0.5128205128205128,0.25,0.3361344537815126,0.43037974683544306,0.425,0.4276729559748428,0.3584905660377358,0.7125,0.47698744769874474,0.3025210084033613,0.9,0.45283018867924524,0.1964735516372796,0.975,0.3270440251572327,0.8873164335664336
13,RF,"RandomForestClassifier(bootstrap=True, class_weight=None, criterion='gini',
                       max_depth=50, max_features='log2', max_leaf_nodes=None,
                       min_impurity_decrease=0.0, min_impurity_split=None,
                       min_samples_leaf=1, min_samples_split=10,
                       min_weight_fraction_leaf=0.0, n_estimators=10000,
                       n_jobs=-1, oob_score=False, random_state=None, verbose=0,
                       warm_start=False)","{'max_depth': 50, 'max_features': 'log2', 'min_samples_split': 2, 'n_estimators': 10000, 'n_jobs': -1}",2013-01-01,2010-01-01,2012-01-01,2013-01-01,2013-01-01,0.10062893081761007,0.8571428571428571,0.075,0.13793103448275862,0.6666666666666666,0.125,0.21052631578947367,0.5384615384615384,0.2625,0.3529411764705882,0.4430379746835443,0.4375,0.44025157232704404,0.389937106918239,0.775,0.5188284518828452,0.31512605042016806,0.9375,0.4716981132075472,0.1964735516372796,0.975,0.3270440251572327,0.9006905594405594
14,RF,"RandomForestClassifier(bootstrap=True, class_weight=None, criterion='gini',
                       max_depth=50, max_features='log2', max_leaf_nodes=None,
                       min_impurity_decrease=0.0, min_impurity_split=None,
                       min_samples_leaf=1, min_samples_split=10,
                       min_weight_fraction_leaf=0.0, n_estimators=10000,
                       n_jobs=-1, oob_score=False, random_state=None, verbose=0,
                       warm_start=False)","{'max_depth': 50, 'max_features': 'log2', 'min_samples_split': 10, 'n_estimators': 100, 'n_jobs': -1}",2013-01-01,2010-01-01,2012-01-01,2013-01-01,2013-01-01,0.10062893081761007,0.7142857142857143,0.0625,0.11494252873563218,0.6,0.1125,0.18947368421052632,0.5384615384615384,0.2625,0.3529411764705882,0.5063291139240507,0.5,0.5031446540880503,0.3584905660377358,0.7125,0.47698744769874474,0.3067226890756303,0.9125,0.459119496855346,0.1964735516372796,0.975,0.3270440251572327,0.8936975524475526
15,RF,"RandomForestClassifier(bootstrap=True, class_weight=None, criterion='gini',
                       max_depth=50, max_features='log2', max_leaf_nodes=None,
                       min_impurity_decrease=0.0, min_impurity_split=None,
                       min_samples_leaf=1, min_samples_split=10,
                       min_weight_fraction_leaf=0.0, n_estimators=10000,
                       n_jobs=-1, oob_score=False, random_state=None, verbose=0,
                       warm_start=False)","{'max_depth': 50, 'max_features': 'log2', 'min_samples_split': 10, 'n_estimators': 10000, 'n_jobs': -1}",2013-01-01,2010-01-01,2012-01-01,2013-01-01,2013-01-01,0.10062893081761007,0.8571428571428571,0.075,0.13793103448275862,0.6666666666666666,0.125,0.21052631578947367,0.48717948717948717,0.2375,0.31932773109243695,0.4430379746835443,0.4375,0.44025157232704404,0.3836477987421384,0.7625,0.5104602510460251,0.31092436974789917,0.925,0.46540880503144655,0.1964735516372796,0.975,0.3270440251572327,0.8962937062937063
16,RF,"RandomForestClassifier(bootstrap=True, class_weight=None, criterion='gini',
                       max_depth=50, max_features='log2', max_leaf_nodes=None,
                       min_impurity_decrease=0.0, min_impurity_split=None,
                       min_samples_leaf=1, min_samples_split=10,
                       min_weight_fraction_leaf=0.0, n_estimators=10000,
                       n_jobs=-1, oob_score=False, random_state=None, verbose=0,
                       warm_start=False)","{'max_depth': 5, 'max_features': 'sqrt', 'min_samples_split': 2, 'n_estimators': 100, 'n_jobs': -1}",2014-01-01,2010-01-01,2013-01-01,2014-01-01,2014-01-01,0.10037641154328733,1.0,0.0875,0.16091954022988506,0.8,0.15,0.2526315789473684,0.5128205128205128,0.25,0.3361344537815126,0.4050632911392405,0.4,0.4025157232704402,0.31446540880503143,0.625,0.41841004184100417,0.2928870292887029,0.875,0.43887147335423193,0.1984924623115578,0.9875,0.3305439330543933,0.8847018828451884
17,RF,"RandomForestClassifier(bootstrap=True, class_weight=None, criterion='gini',
                       max_depth=50, max_features='log2', max_leaf_nodes=None,
                       min_impurity_decrease=0.0, min_impurity_split=None,
                       min_samples_leaf=1, min_samples_split=10,
                       min_weight_fraction_leaf=0.0, n_estimators=10000,
                       n_jobs=-1, oob_score=False, random_state=None, verbose=0,
                       warm_start=False)","{'max_depth': 5, 'max_features': 'sqrt', 'min_samples_split': 2, 'n_estimators': 10000, 'n_jobs': -1}",2014-01-01,2010-01-01,2013-01-01,2014-01-01,2014-01-01,0.10037641154328733,1.0,0.0875,0.16091954022988506,0.8,0.15,0.2526315789473684,0.5641025641025641,0.275,0.3697478991596639,0.4177215189873418,0.4125,0.41509433962264153,0.3081761006289308,0.6125,0.4100418410041841,0.2928870292887029,0.875,0.43887147335423193,0.1984924623115578,0.9875,0.3305439330543933,0.8820345188284519
18,RF,"RandomForestClassifier(bootstrap=True, class_weight=None, criterion='gini',
                       max_depth=50, max_features='log2', max_leaf_nodes=None,
                       min_impurity_decrease=0.0, min_impurity_split=None,
                       min_samples_leaf=1, min_samples_split=10,
                       min_weight_fraction_leaf=0.0, n_estimators=10000,
                       n_jobs=-1, oob_score=False, random_state=None, verbose=0,
                       warm_start=False)","{'max_depth': 5, 'max_features': 'sqrt', 'min_samples_split': 10, 'n_estimators': 100, 'n_jobs': -1}",2014-01-01,2010-01-01,2013-01-01,2014-01-01,2014-01-01,0.10037641154328733,0.8571428571428571,0.075,0.13793103448275862,0.8,0.15,0.2526315789473684,0.5384615384615384,0.2625,0.3529411764705882,0.4430379746835443,0.4375,0.44025157232704404,0.3081761006289308,0.6125,0.4100418410041841,0.2928870292887029,0.875,0.43887147335423193,0.1984924623115578,0.9875,0.3305439330543933,0.8781032078103208
19,RF,"RandomForestClassifier(bootstrap=True, class_weight=None, criterion='gini',
                       max_depth=50, max_features='log2', max_leaf_nodes=None,
                       min_impurity_decrease=0.0, min_impurity_split=None,
                       min_samples_leaf=1, min_samples_split=10,
                       min_weight_fraction_leaf=0.0, n_estimators=10000,
                       n_jobs=-1, oob_score=False, random_state=None, verbose=0,
                       warm_start=False)","{'max_depth': 5, 'max_features': 'sqrt', 'min_samples_split': 10, 'n_estimators': 10000, 'n_jobs': -1}",2014-01-01,2010-01-01,2013-01-01,2014-01-01,2014-01-01,0.10037641154328733,1.0,0.0875,0.16091954022988506,0.8,0.15,0.2526315789473684,0.5641025641025641,0.275,0.3697478991596639,0.4177215189873418,0.4125,0.41509433962264153,0.31446540880503143,0.625,0.41841004184100417,0.2928870292887029,0.875,0.43887147335423193,0.1984924623115578,0.9875,0.3305439330543933,0.8820170850767085
20,RF,"RandomForestClassifier(bootstrap=True, class_weight=None, criterion='gini',
                       max_depth=50, max_features='log2', max_leaf_nodes=None,
                       min_impurity_decrease=0.0, min_impurity_split=None,
                       min_samples_leaf=1, min_samples_split=10,
                       min_weight_fraction_leaf=0.0, n_estimators=10000,
                       n_jobs=-1, oob_score=False, random_state=None, verbose=0,
                       warm_start=False)","{'max_depth': 5, 'max_features': 'log2', 'min_samples_split': 2, 'n_estimators': 100, 'n_jobs': -1}",2014-01-01,2010-01-01,2013-01-01,2014-01-01,2014-01-01,0.10037641154328733,1.0,0.0875,0.16091954022988506,0.7333333333333333,0.1375,0.23157894736842105,0.5384615384615384,0.2625,0.3529411764705882,0.3670886075949367,0.3625,0.36477987421383645,0.3270440251572327,0.65,0.4351464435146443,0.26359832635983266,0.7875,0.39498432601880884,0.1984924623115578,0.9875,0.3305439330543933,0.8689940725244074
21,RF,"RandomForestClassifier(bootstrap=True, class_weight=None, criterion='gini',
                       max_depth=50, max_features='log2', max_leaf_nodes=None,
                       min_impurity_decrease=0.0, min_impurity_split=None,
                       min_samples_leaf=1, min_samples_split=10,
                       min_weight_fraction_leaf=0.0, n_estimators=10000,
                       n_jobs=-1, oob_score=False, random_state=None, verbose=0,
                       warm_start=False)","{'max_depth': 5, 'max_features': 'log2', 'min_samples_split': 2, 'n_estimators': 10000, 'n_jobs': -1}",2014-01-01,2010-01-01,2013-01-01,2014-01-01,2014-01-01,0.10037641154328733,1.0,0.0875,0.16091954022988506,0.7333333333333333,0.1375,0.23157894736842105,0.5128205128205128,0.25,0.3361344537815126,0.379746835443038,0.375,0.37735849056603776,0.31446540880503143,0.625,0.41841004184100417,0.26359832635983266,0.7875,0.39498432601880884,0.1984924623115578,0.9875,0.3305439330543933,0.8697960251046025
22,RF,"RandomForestClassifier(bootstrap=True, class_weight=None, criterion='gini',
                       max_depth=50, max_features='log2', max_leaf_nodes=None,
                       min_impurity_decrease=0.0, min_impurity_split=None,
                       min_samples_leaf=1, min_samples_split=10,
                       min_weight_fraction_leaf=0.0, n_estimators=10000,
                       n_jobs=-1, oob_score=False, random_state=None, verbose=0,
                       warm_start=False)","{'max_depth': 5, 'max_features': 'log2', 'min_samples_split': 10, 'n_estimators': 100, 'n_jobs': -1}",2014-01-01,2010-01-01,2013-01-01,2014-01-01,2014-01-01,0.10037641154328733,1.0,0.0875,0.16091954022988506,0.7333333333333333,0.1375,0.23157894736842105,0.5128205128205128,0.25,0.3361344537815126,0.4050632911392405,0.4,0.4025157232704402,0.32075471698113206,0.6375,0.42677824267782427,0.26359832635983266,0.7875,0.39498432601880884,0.1984924623115578,0.9875,0.3305439330543933,0.8672855648535566
23,RF,"RandomForestClassifier(bootstrap=True, class_weight=None, criterion='gini',
                       max_depth=50, max_features='log2', max_leaf_nodes=None,
                       min_impurity_decrease=0.0, min_impurity_split=None,
                       min_samples_leaf=1, min_samples_split=10,
                       min_weight_fraction_leaf=0.0, n_estimators=10000,
                       n_jobs=-1, oob_score=False, random_state=None, verbose=0,
                       warm_start=False)","{'max_depth': 5, 'max_features': 'log2', 'min_samples_split': 10, 'n_estimators': 10000, 'n_jobs': -1}",2014-01-01,2010-01-01,2013-01-01,2014-01-01,2014-01-01,0.10037641154328733,1.0,0.0875,0.16091954022988506,0.7333333333333333,0.1375,0.23157894736842105,0.5128205128205128,0.25,0.3361344537815126,0.3924050632911392,0.3875,0.38993710691823896,0.32075471698113206,0.6375,0.42677824267782427,0.26359832635983266,0.7875,0.39498432601880884,0.1984924623115578,0.9875,0.3305439330543933,0.8694996513249652
24,RF,"RandomForestClassifier(bootstrap=True, class_weight=None, criterion='gini',
                       max_depth=50, max_features='log2', max_leaf_nodes=None,
                       min_impurity_decrease=0.0, min_impurity_split=None,
                       min_samples_leaf=1, min_samples_split=10,
                       min_weight_fraction_leaf=0.0, n_estimators=10000,
                       n_jobs=-1, oob_score=False, random_state=None, verbose=0,
                       warm_start=False)","{'max_depth': 50, 'max_features': 'sqrt', 'min_samples_split': 2, 'n_estimators': 100, 'n_jobs': -1}",2014-01-01,2010-01-01,2013-01-01,2014-01-01,2014-01-01,0.10037641154328733,1.0,0.0875,0.16091954022988506,0.8666666666666667,0.1625,0.27368421052631575,0.5641025641025641,0.275,0.3697478991596639,0.4810126582278481,0.475,0.4779874213836478,0.3522012578616352,0.7,0.4686192468619247,0.29707112970711297,0.8875,0.445141065830721,0.20100502512562815,1.0,0.3347280334728034,0.9025889121338911
25,RF,"RandomForestClassifier(bootstrap=True, class_weight=None, criterion='gini',
                       max_depth=50, max_features='log2', max_leaf_nodes=None,
                       min_impurity_decrease=0.0, min_impurity_split=None,
                       min_samples_leaf=1, min_samples_split=10,
                       min_weight_fraction_leaf=0.0, n_estimators=10000,
                       n_jobs=-1, oob_score=False, random_state=None, verbose=0,
                       warm_start=False)","{'max_depth': 50, 'max_features': 'sqrt', 'min_samples_split': 2, 'n_estimators': 10000, 'n_jobs': -1}",2014-01-01,2010-01-01,2013-01-01,2014-01-01,2014-01-01,0.10037641154328733,1.0,0.0875,0.16091954022988506,0.8,0.15,0.2526315789473684,0.5128205128205128,0.25,0.3361344537815126,0.46835443037974683,0.4625,0.4654088050314466,0.34591194968553457,0.6875,0.46025104602510464,0.30962343096234307,0.925,0.463949843260188,0.20100502512562815,1.0,0.3347280334728034,0.9033908647140866
26,RF,"RandomForestClassifier(bootstrap=True, class_weight=None, criterion='gini',
                       max_depth=50, max_features='log2', max_leaf_nodes=None,
                       min_impurity_decrease=0.0, min_impurity_split=None,
                       min_samples_leaf=1, min_samples_split=10,
                       min_weight_fraction_leaf=0.0, n_estimators=10000,
                       n_jobs=-1, oob_score=False, random_state=None, verbose=0,
                       warm_start=False)","{'max_depth': 50, 'max_features': 'sqrt', 'min_samples_split': 10, 'n_estimators': 100, 'n_jobs': -1}",2014-01-01,2010-01-01,2013-01-01,2014-01-01,2014-01-01,0.10037641154328733,0.8571428571428571,0.075,0.13793103448275862,0.7333333333333333,0.1375,0.23157894736842105,0.5897435897435898,0.2875,0.38655462184873945,0.46835443037974683,0.4625,0.4654088050314466,0.3333333333333333,0.6625,0.4435146443514644,0.2928870292887029,0.875,0.43887147335423193,0.20100502512562815,1.0,0.3347280334728034,0.893331589958159
27,RF,"RandomForestClassifier(bootstrap=True, class_weight=None, criterion='gini',
                       max_depth=50, max_features='log2', max_leaf_nodes=None,
                       min_impurity_decrease=0.0, min_impurity_split=None,
                       min_samples_leaf=1, min_samples_split=10,
                       min_weight_fraction_leaf=0.0, n_estimators=10000,
                       n_jobs=-1, oob_score=False, random_state=None, verbose=0,
                       warm_start=False)","{'max_depth': 50, 'max_features': 'sqrt', 'min_samples_split': 10, 'n_estimators': 10000, 'n_jobs': -1}",2014-01-01,2010-01-01,2013-01-01,2014-01-01,2014-01-01,0.10037641154328733,1.0,0.0875,0.16091954022988506,0.7333333333333333,0.1375,0.23157894736842105,0.5384615384615384,0.2625,0.3529411764705882,0.4810126582278481,0.475,0.4779874213836478,0.33962264150943394,0.675,0.45188284518828453,0.301255230125523,0.9,0.45141065830721006,0.20100502512562815,1.0,0.3347280334728034,0.895842050209205
28,RF,"RandomForestClassifier(bootstrap=True, class_weight=None, criterion='gini',
                       max_depth=50, max_features='log2', max_leaf_nodes=None,
                       min_impurity_decrease=0.0, min_impurity_split=None,
                       min_samples_leaf=1, min_samples_split=10,
                       min_weight_fraction_leaf=0.0, n_estimators=10000,
                       n_jobs=-1, oob_score=False, random_state=None, verbose=0,
                       warm_start=False)","{'max_depth': 50, 'max_features': 'log2', 'min_samples_split': 2, 'n_estimators': 100, 'n_jobs': -1}",2014-01-01,2010-01-01,2013-01-01,2014-01-01,2014-01-01,0.10037641154328733,1.0,0.0875,0.16091954022988506,0.7333333333333333,0.1375,0.23157894736842105,0.5128205128205128,0.25,0.3361344537815126,0.4430379746835443,0.4375,0.44025157232704404,0.33962264150943394,0.675,0.45188284518828453,0.3054393305439331,0.9125,0.4576802507836991,0.20100502512562815,1.0,0.3347280334728034,0.9037308228730823
29,RF,"RandomForestClassifier(bootstrap=True, class_weight=None, criterion='gini',
                       max_depth=50, max_features='log2', max_leaf_nodes=None,
                       min_impurity_decrease=0.0, min_impurity_split=None,
                       min_samples_leaf=1, min_samples_split=10,
                       min_weight_fraction_leaf=0.0, n_estimators=10000,
                       n_jobs=-1, oob_score=False, random_state=None, verbose=0,
                       warm_start=False)","{'max_depth': 50, 'max_features': 'log2', 'min_samples_split': 2, 'n_estimators': 10000, 'n_jobs': -1}",2014-01-01,2010-01-01,2013-01-01,2014-01-01,2014-01-01,0.10037641154328733,1.0,0.0875,0.16091954022988506,0.6666666666666666,0.125,0.21052631578947367,0.5384615384615384,0.2625,0.3529411764705882,0.45569620253164556,0.45,0.45283018867924535,0.34591194968553457,0.6875,0.46025104602510464,0.30962343096234307,0.925,0.463949843260188,0.20100502512562815,1.0,0.3347280334728034,0.9014121338912133
30,RF,"RandomForestClassifier(bootstrap=True, class_weight=None, criterion='gini',
                       max_depth=50, max_features='log2', max_leaf_nodes=None,
                       min_impurity_decrease=0.0, min_impurity_split=None,
                       min_samples_leaf=1, min_samples_split=10,
                       min_weight_fraction_leaf=0.0, n_estimators=10000,
                       n_jobs=-1, oob_score=False, random_state=None, verbose=0,
                       warm_start=False)","{'max_depth': 50, 'max_features': 'log2', 'min_samples_split': 10, 'n_estimators': 100, 'n_jobs': -1}",2014-01-01,2010-01-01,2013-01-01,2014-01-01,2014-01-01,0.10037641154328733,1.0,0.0875,0.16091954022988506,0.7333333333333333,0.1375,0.23157894736842105,0.5641025641025641,0.275,0.3697478991596639,0.43037974683544306,0.425,0.4276729559748428,0.34591194968553457,0.6875,0.46025104602510464,0.2803347280334728,0.8375,0.42006269592476486,0.20100502512562815,1.0,0.3347280334728034,0.8937325662482567
31,RF,"RandomForestClassifier(bootstrap=True, class_weight=None, criterion='gini',
                       max_depth=50, max_features='log2', max_leaf_nodes=None,
                       min_impurity_decrease=0.0, min_impurity_split=None,
                       min_samples_leaf=1, min_samples_split=10,
                       min_weight_fraction_leaf=0.0, n_estimators=10000,
                       n_jobs=-1, oob_score=False, random_state=None, verbose=0,
                       warm_start=False)","{'max_depth': 50, 'max_features': 'log2', 'min_samples_split': 10, 'n_estimators': 10000, 'n_jobs': -1}",2014-01-01,2010-01-01,2013-01-01,2014-01-01,2014-01-01,0.10037641154328733,1.0,0.0875,0.16091954022988506,0.7333333333333333,0.1375,0.23157894736842105,0.5641025641025641,0.275,0.3697478991596639,0.3924050632911392,0.3875,0.38993710691823896,0.3333333333333333,0.6625,0.4435146443514644,0.301255230125523,0.9,0.45141065830721006,0.20100502512562815,1.0,0.3347280334728034,0.8898622733612274
32,RF,"RandomForestClassifier(bootstrap=True, class_weight=None, criterion='gini',
                       max_depth=50, max_features='log2', max_leaf_nodes=None,
                       min_impurity_decrease=0.0, min_impurity_split=None,
                       min_samples_leaf=1, min_samples_split=10,
                       min_weight_fraction_leaf=0.0, n_estimators=10000,
                       n_jobs=-1, oob_score=False, random_state=None, verbose=0,
                       warm_start=False)","{'max_depth': 5, 'max_features': 'sqrt', 'min_samples_split': 2, 'n_estimators': 100, 'n_jobs': -1}",2015-01-01,2010-01-01,2014-01-01,2015-01-01,2015-01-01,0.10012515644555695,0.8571428571428571,0.075,0.13793103448275862,0.7333333333333333,0.1375,0.23157894736842105,0.48717948717948717,0.2375,0.31932773109243695,0.4810126582278481,0.475,0.4779874213836478,0.3710691823899371,0.7375,0.4937238493723849,0.3054393305439331,0.9125,0.4576802507836991,0.19548872180451127,0.975,0.325678496868476,0.8965055632823367
33,RF,"RandomForestClassifier(bootstrap=True, class_weight=None, criterion='gini',
                       max_depth=50, max_features='log2', max_leaf_nodes=None,
                       min_impurity_decrease=0.0, min_impurity_split=None,
                       min_samples_leaf=1, min_samples_split=10,
                       min_weight_fraction_leaf=0.0, n_estimators=10000,
                       n_jobs=-1, oob_score=False, random_state=None, verbose=0,
                       warm_start=False)","{'max_depth': 5, 'max_features': 'sqrt', 'min_samples_split': 2, 'n_estimators': 10000, 'n_jobs': -1}",2015-01-01,2010-01-01,2014-01-01,2015-01-01,2015-01-01,0.10012515644555695,0.8571428571428571,0.075,0.13793103448275862,0.7333333333333333,0.1375,0.23157894736842105,0.48717948717948717,0.2375,0.31932773109243695,0.4810126582278481,0.475,0.4779874213836478,0.3710691823899371,0.7375,0.4937238493723849,0.30962343096234307,0.925,0.463949843260188,0.19548872180451127,0.975,0.325678496868476,0.8976877607788596
34,RF,"RandomForestClassifier(bootstrap=True, class_weight=None, criterion='gini',
                       max_depth=50, max_features='log2', max_leaf_nodes=None,
                       min_impurity_decrease=0.0, min_impurity_split=None,
                       min_samples_leaf=1, min_samples_split=10,
                       min_weight_fraction_leaf=0.0, n_estimators=10000,
                       n_jobs=-1, oob_score=False, random_state=None, verbose=0,
                       warm_start=False)","{'max_depth': 5, 'max_features': 'sqrt', 'min_samples_split': 10, 'n_estimators': 100, 'n_jobs': -1}",2015-01-01,2010-01-01,2014-01-01,2015-01-01,2015-01-01,0.10012515644555695,0.8571428571428571,0.075,0.13793103448275862,0.8,0.15,0.2526315789473684,0.5128205128205128,0.25,0.3361344537815126,0.45569620253164556,0.45,0.45283018867924535,0.34591194968553457,0.6875,0.46025104602510464,0.3054393305439331,0.9125,0.4576802507836991,0.19548872180451127,0.975,0.325678496868476,0.8944541029207231
35,RF,"RandomForestClassifier(bootstrap=True, class_weight=None, criterion='gini',
                       max_depth=50, max_features='log2', max_leaf_nodes=None,
                       min_impurity_decrease=0.0, min_impurity_split=None,
                       min_samples_leaf=1, min_samples_split=10,
                       min_weight_fraction_leaf=0.0, n_estimators=10000,
                       n_jobs=-1, oob_score=False, random_state=None, verbose=0,
                       warm_start=False)","{'max_depth': 5, 'max_features': 'sqrt', 'min_samples_split': 10, 'n_estimators': 10000, 'n_jobs': -1}",2015-01-01,2010-01-01,2014-01-01,2015-01-01,2015-01-01,0.10012515644555695,0.8571428571428571,0.075,0.13793103448275862,0.7333333333333333,0.1375,0.23157894736842105,0.48717948717948717,0.2375,0.31932773109243695,0.4810126582278481,0.475,0.4779874213836478,0.3710691823899371,0.7375,0.4937238493723849,0.30962343096234307,0.925,0.463949843260188,0.19548872180451127,0.975,0.325678496868476,0.8985048678720445
36,RF,"RandomForestClassifier(bootstrap=True, class_weight=None, criterion='gini',
                       max_depth=50, max_features='log2', max_leaf_nodes=None,
                       min_impurity_decrease=0.0, min_impurity_split=None,
                       min_samples_leaf=1, min_samples_split=10,
                       min_weight_fraction_leaf=0.0, n_estimators=10000,
                       n_jobs=-1, oob_score=False, random_state=None, verbose=0,
                       warm_start=False)","{'max_depth': 5, 'max_features': 'log2', 'min_samples_split': 2, 'n_estimators': 100, 'n_jobs': -1}",2015-01-01,2010-01-01,2014-01-01,2015-01-01,2015-01-01,0.10012515644555695,0.8571428571428571,0.075,0.13793103448275862,0.7333333333333333,0.1375,0.23157894736842105,0.48717948717948717,0.2375,0.31932773109243695,0.4177215189873418,0.4125,0.41509433962264153,0.3522012578616352,0.7,0.4686192468619247,0.29707112970711297,0.8875,0.445141065830721,0.19548872180451127,0.975,0.325678496868476,0.8857614742698192
37,RF,"RandomForestClassifier(bootstrap=True, class_weight=None, criterion='gini',
                       max_depth=50, max_features='log2', max_leaf_nodes=None,
                       min_impurity_decrease=0.0, min_impurity_split=None,
                       min_samples_leaf=1, min_samples_split=10,
                       min_weight_fraction_leaf=0.0, n_estimators=10000,
                       n_jobs=-1, oob_score=False, random_state=None, verbose=0,
                       warm_start=False)","{'max_depth': 5, 'max_features': 'log2', 'min_samples_split': 2, 'n_estimators': 10000, 'n_jobs': -1}",2015-01-01,2010-01-01,2014-01-01,2015-01-01,2015-01-01,0.10012515644555695,0.8571428571428571,0.075,0.13793103448275862,0.6666666666666666,0.125,0.21052631578947367,0.48717948717948717,0.2375,0.31932773109243695,0.3924050632911392,0.3875,0.38993710691823896,0.34591194968553457,0.6875,0.46025104602510464,0.301255230125523,0.9,0.45141065830721006,0.19548872180451127,0.975,0.325678496868476,0.8832753824756606
38,RF,"RandomForestClassifier(bootstrap=True, class_weight=None, criterion='gini',
                       max_depth=50, max_features='log2', max_leaf_nodes=None,
                       min_impurity_decrease=0.0, min_impurity_split=None,
                       min_samples_leaf=1, min_samples_split=10,
                       min_weight_fraction_leaf=0.0, n_estimators=10000,
                       n_jobs=-1, oob_score=False, random_state=None, verbose=0,
                       warm_start=False)","{'max_depth': 5, 'max_features': 'log2', 'min_samples_split': 10, 'n_estimators': 100, 'n_jobs': -1}",2015-01-01,2010-01-01,2014-01-01,2015-01-01,2015-01-01,0.10012515644555695,0.8571428571428571,0.075,0.13793103448275862,0.6666666666666666,0.125,0.21052631578947367,0.5128205128205128,0.25,0.3361344537815126,0.4430379746835443,0.4375,0.44025157232704404,0.34591194968553457,0.6875,0.46025104602510464,0.2928870292887029,0.875,0.43887147335423193,0.19548872180451127,0.975,0.325678496868476,0.8774687065368568
39,RF,"RandomForestClassifier(bootstrap=True, class_weight=None, criterion='gini',
                       max_depth=50, max_features='log2', max_leaf_nodes=None,
                       min_impurity_decrease=0.0, min_impurity_split=None,
                       min_samples_leaf=1, min_samples_split=10,
                       min_weight_fraction_leaf=0.0, n_estimators=10000,
                       n_jobs=-1, oob_score=False, random_state=None, verbose=0,
                       warm_start=False)","{'max_depth': 5, 'max_features': 'log2', 'min_samples_split': 10, 'n_estimators': 10000, 'n_jobs': -1}",2015-01-01,2010-01-01,2014-01-01,2015-01-01,2015-01-01,0.10012515644555695,0.8571428571428571,0.075,0.13793103448275862,0.7333333333333333,0.1375,0.23157894736842105,0.48717948717948717,0.2375,0.31932773109243695,0.3924050632911392,0.3875,0.38993710691823896,0.34591194968553457,0.6875,0.46025104602510464,0.29707112970711297,0.8875,0.445141065830721,0.19548872180451127,0.975,0.325678496868476,0.883153685674548
40,RF,"RandomForestClassifier(bootstrap=True, class_weight=None, criterion='gini',
                       max_depth=50, max_features='log2', max_leaf_nodes=None,
                       min_impurity_decrease=0.0, min_impurity_split=None,
                       min_samples_leaf=1, min_samples_split=10,
                       min_weight_fraction_leaf=0.0, n_estimators=10000,
                       n_jobs=-1, oob_score=False, random_state=None, verbose=0,
                       warm_start=False)","{'max_depth': 50, 'max_features': 'sqrt', 'min_samples_split': 2, 'n_estimators': 100, 'n_jobs': -1}",2015-01-01,2010-01-01,2014-01-01,2015-01-01,2015-01-01,0.10012515644555695,0.8571428571428571,0.075,0.13793103448275862,0.6,0.1125,0.18947368421052632,0.48717948717948717,0.2375,0.31932773109243695,0.46835443037974683,0.4625,0.4654088050314466,0.3584905660377358,0.7125,0.47698744769874474,0.3054393305439331,0.9125,0.4576802507836991,0.19799498746867167,0.9875,0.3298538622129436,0.8929502781641169
41,RF,"RandomForestClassifier(bootstrap=True, class_weight=None, criterion='gini',
                       max_depth=50, max_features='log2', max_leaf_nodes=None,
                       min_impurity_decrease=0.0, min_impurity_split=None,
                       min_samples_leaf=1, min_samples_split=10,
                       min_weight_fraction_leaf=0.0, n_estimators=10000,
                       n_jobs=-1, oob_score=False, random_state=None, verbose=0,
                       warm_start=False)","{'max_depth': 50, 'max_features': 'sqrt', 'min_samples_split': 2, 'n_estimators': 10000, 'n_jobs': -1}",2015-01-01,2010-01-01,2014-01-01,2015-01-01,2015-01-01,0.10012515644555695,0.8571428571428571,0.075,0.13793103448275862,0.7333333333333333,0.1375,0.23157894736842105,0.5641025641025641,0.275,0.3697478991596639,0.45569620253164556,0.45,0.45283018867924535,0.3584905660377358,0.7125,0.47698744769874474,0.3054393305439331,0.9125,0.4576802507836991,0.19799498746867167,0.9875,0.3298538622129436,0.8954450625869264
42,RF,"RandomForestClassifier(bootstrap=True, class_weight=None, criterion='gini',
                       max_depth=50, max_features='log2', max_leaf_nodes=None,
                       min_impurity_decrease=0.0, min_impurity_split=None,
                       min_samples_leaf=1, min_samples_split=10,
                       min_weight_fraction_leaf=0.0, n_estimators=10000,
                       n_jobs=-1, oob_score=False, random_state=None, verbose=0,
                       warm_start=False)","{'max_depth': 50, 'max_features': 'sqrt', 'min_samples_split': 10, 'n_estimators': 100, 'n_jobs': -1}",2015-01-01,2010-01-01,2014-01-01,2015-01-01,2015-01-01,0.10012515644555695,0.8571428571428571,0.075,0.13793103448275862,0.7333333333333333,0.1375,0.23157894736842105,0.48717948717948717,0.2375,0.31932773109243695,0.4936708860759494,0.4875,0.49056603773584906,0.3584905660377358,0.7125,0.47698744769874474,0.29707112970711297,0.8875,0.445141065830721,0.19799498746867167,0.9875,0.3298538622129436,0.8989742698191934
43,RF,"RandomForestClassifier(bootstrap=True, class_weight=None, criterion='gini',
                       max_depth=50, max_features='log2', max_leaf_nodes=None,
                       min_impurity_decrease=0.0, min_impurity_split=None,
                       min_samples_leaf=1, min_samples_split=10,
                       min_weight_fraction_leaf=0.0, n_estimators=10000,
                       n_jobs=-1, oob_score=False, random_state=None, verbose=0,
                       warm_start=False)","{'max_depth': 50, 'max_features': 'sqrt', 'min_samples_split': 10, 'n_estimators': 10000, 'n_jobs': -1}",2015-01-01,2010-01-01,2014-01-01,2015-01-01,2015-01-01,0.10012515644555695,0.8571428571428571,0.075,0.13793103448275862,0.7333333333333333,0.1375,0.23157894736842105,0.5384615384615384,0.2625,0.3529411764705882,0.46835443037974683,0.4625,0.4654088050314466,0.34591194968553457,0.6875,0.46025104602510464,0.3054393305439331,0.9125,0.4576802507836991,0.19799498746867167,0.9875,0.3298538622129436,0.8958796940194715
44,RF,"RandomForestClassifier(bootstrap=True, class_weight=None, criterion='gini',
                       max_depth=50, max_features='log2', max_leaf_nodes=None,
                       min_impurity_decrease=0.0, min_impurity_split=None,
                       min_samples_leaf=1, min_samples_split=10,
                       min_weight_fraction_leaf=0.0, n_estimators=10000,
                       n_jobs=-1, oob_score=False, random_state=None, verbose=0,
                       warm_start=False)","{'max_depth': 50, 'max_features': 'log2', 'min_samples_split': 2, 'n_estimators': 100, 'n_jobs': -1}",2015-01-01,2010-01-01,2014-01-01,2015-01-01,2015-01-01,0.10012515644555695,0.8571428571428571,0.075,0.13793103448275862,0.7333333333333333,0.1375,0.23157894736842105,0.5128205128205128,0.25,0.3361344537815126,0.45569620253164556,0.45,0.45283018867924535,0.3270440251572327,0.65,0.4351464435146443,0.29707112970711297,0.8875,0.445141065830721,0.19548872180451127,0.975,0.325678496868476,0.8879607093184979
45,RF,"RandomForestClassifier(bootstrap=True, class_weight=None, criterion='gini',
                       max_depth=50, max_features='log2', max_leaf_nodes=None,
                       min_impurity_decrease=0.0, min_impurity_split=None,
                       min_samples_leaf=1, min_samples_split=10,
                       min_weight_fraction_leaf=0.0, n_estimators=10000,
                       n_jobs=-1, oob_score=False, random_state=None, verbose=0,
                       warm_start=False)","{'max_depth': 50, 'max_features': 'log2', 'min_samples_split': 2, 'n_estimators': 10000, 'n_jobs': -1}",2015-01-01,2010-01-01,2014-01-01,2015-01-01,2015-01-01,0.10012515644555695,0.8571428571428571,0.075,0.13793103448275862,0.7333333333333333,0.1375,0.23157894736842105,0.48717948717948717,0.2375,0.31932773109243695,0.45569620253164556,0.45,0.45283018867924535,0.3710691823899371,0.7375,0.4937238493723849,0.3054393305439331,0.9125,0.4576802507836991,0.19799498746867167,0.9875,0.3298538622129436,0.8962795549374131
46,RF,"RandomForestClassifier(bootstrap=True, class_weight=None, criterion='gini',
                       max_depth=50, max_features='log2', max_leaf_nodes=None,
                       min_impurity_decrease=0.0, min_impurity_split=None,
                       min_samples_leaf=1, min_samples_split=10,
                       min_weight_fraction_leaf=0.0, n_estimators=10000,
                       n_jobs=-1, oob_score=False, random_state=None, verbose=0,
                       warm_start=False)","{'max_depth': 50, 'max_features': 'log2', 'min_samples_split': 10, 'n_estimators': 100, 'n_jobs': -1}",2015-01-01,2010-01-01,2014-01-01,2015-01-01,2015-01-01,0.10012515644555695,0.8571428571428571,0.075,0.13793103448275862,0.7333333333333333,0.1375,0.23157894736842105,0.4358974358974359,0.2125,0.2857142857142857,0.4430379746835443,0.4375,0.44025157232704404,0.3584905660377358,0.7125,0.47698744769874474,0.30962343096234307,0.925,0.463949843260188,0.19799498746867167,0.9875,0.3298538622129436,0.891585535465925
47,RF,"RandomForestClassifier(bootstrap=True, class_weight=None, criterion='gini',
                       max_depth=50, max_features='log2', max_leaf_nodes=None,
                       min_impurity_decrease=0.0, min_impurity_split=None,
                       min_samples_leaf=1, min_samples_split=10,
                       min_weight_fraction_leaf=0.0, n_estimators=10000,
                       n_jobs=-1, oob_score=False, random_state=None, verbose=0,
                       warm_start=False)","{'max_depth': 50, 'max_features': 'log2', 'min_samples_split': 10, 'n_estimators': 10000, 'n_jobs': -1}",2015-01-01,2010-01-01,2014-01-01,2015-01-01,2015-01-01,0.10012515644555695,0.8571428571428571,0.075,0.13793103448275862,0.7333333333333333,0.1375,0.23157894736842105,0.5384615384615384,0.2625,0.3529411764705882,0.46835443037974683,0.4625,0.4654088050314466,0.36477987421383645,0.725,0.48535564853556484,0.3054393305439331,0.9125,0.4576802507836991,0.19799498746867167,0.9875,0.3298538622129436,0.8965055632823365
48,RF,"RandomForestClassifier(bootstrap=True, class_weight=None, criterion='gini',
                       max_depth=50, max_features='log2', max_leaf_nodes=None,
                       min_impurity_decrease=0.0, min_impurity_split=None,
                       min_samples_leaf=1, min_samples_split=10,
                       min_weight_fraction_leaf=0.0, n_estimators=10000,
                       n_jobs=-1, oob_score=False, random_state=None, verbose=0,
                       warm_start=False)","{'max_depth': 5, 'max_features': 'sqrt', 'min_samples_split': 2, 'n_estimators': 100, 'n_jobs': -1}",2016-01-01,2010-01-01,2015-01-01,2016-01-01,2016-01-01,0.10050251256281408,1.0,0.0875,0.16091954022988506,0.8666666666666667,0.1625,0.27368421052631575,0.5897435897435898,0.2875,0.38655462184873945,0.4810126582278481,0.475,0.4779874213836478,0.41509433962264153,0.825,0.5523012552301254,0.31932773109243695,0.95,0.4779874213836478,0.1984924623115578,0.9875,0.3305439330543933,0.919622905027933
49,RF,"RandomForestClassifier(bootstrap=True, class_weight=None, criterion='gini',
                       max_depth=50, max_features='log2', max_leaf_nodes=None,
                       min_impurity_decrease=0.0, min_impurity_split=None,
                       min_samples_leaf=1, min_samples_split=10,
                       min_weight_fraction_leaf=0.0, n_estimators=10000,
                       n_jobs=-1, oob_score=False, random_state=None, verbose=0,
                       warm_start=False)","{'max_depth': 5, 'max_features': 'sqrt', 'min_samples_split': 2, 'n_estimators': 10000, 'n_jobs': -1}",2016-01-01,2010-01-01,2015-01-01,2016-01-01,2016-01-01,0.10050251256281408,1.0,0.0875,0.16091954022988506,0.8666666666666667,0.1625,0.27368421052631575,0.5897435897435898,0.2875,0.38655462184873945,0.4810126582278481,0.475,0.4779874213836478,0.41509433962264153,0.825,0.5523012552301254,0.31932773109243695,0.95,0.4779874213836478,0.1984924623115578,0.9875,0.3305439330543933,0.9245635474860335
50,RF,"RandomForestClassifier(bootstrap=True, class_weight=None, criterion='gini',
                       max_depth=50, max_features='log2', max_leaf_nodes=None,
                       min_impurity_decrease=0.0, min_impurity_split=None,
                       min_samples_leaf=1, min_samples_split=10,
                       min_weight_fraction_leaf=0.0, n_estimators=10000,
                       n_jobs=-1, oob_score=False, random_state=None, verbose=0,
                       warm_start=False)","{'max_depth': 5, 'max_features': 'sqrt', 'min_samples_split': 10, 'n_estimators': 100, 'n_jobs': -1}",2016-01-01,2010-01-01,2015-01-01,2016-01-01,2016-01-01,0.10050251256281408,1.0,0.0875,0.16091954022988506,0.9333333333333333,0.175,0.29473684210526313,0.5897435897435898,0.2875,0.38655462184873945,0.4936708860759494,0.4875,0.49056603773584906,0.4088050314465409,0.8125,0.5439330543933054,0.3235294117647059,0.9625,0.4842767295597484,0.1984924623115578,0.9875,0.3305439330543933,0.9230446927374302
51,RF,"RandomForestClassifier(bootstrap=True, class_weight=None, criterion='gini',
                       max_depth=50, max_features='log2', max_leaf_nodes=None,
                       min_impurity_decrease=0.0, min_impurity_split=None,
                       min_samples_leaf=1, min_samples_split=10,
                       min_weight_fraction_leaf=0.0, n_estimators=10000,
                       n_jobs=-1, oob_score=False, random_state=None, verbose=0,
                       warm_start=False)","{'max_depth': 5, 'max_features': 'sqrt', 'min_samples_split': 10, 'n_estimators': 10000, 'n_jobs': -1}",2016-01-01,2010-01-01,2015-01-01,2016-01-01,2016-01-01,0.10050251256281408,1.0,0.0875,0.16091954022988506,0.8,0.15,0.2526315789473684,0.5897435897435898,0.2875,0.38655462184873945,0.4810126582278481,0.475,0.4779874213836478,0.4088050314465409,0.8125,0.5439330543933054,0.31932773109243695,0.95,0.4779874213836478,0.1984924623115578,0.9875,0.3305439330543933,0.9242842178770949
52,RF,"RandomForestClassifier(bootstrap=True, class_weight=None, criterion='gini',
                       max_depth=50, max_features='log2', max_leaf_nodes=None,
                       min_impurity_decrease=0.0, min_impurity_split=None,
                       min_samples_leaf=1, min_samples_split=10,
                       min_weight_fraction_leaf=0.0, n_estimators=10000,
                       n_jobs=-1, oob_score=False, random_state=None, verbose=0,
                       warm_start=False)","{'max_depth': 5, 'max_features': 'log2', 'min_samples_split': 2, 'n_estimators': 100, 'n_jobs': -1}",2016-01-01,2010-01-01,2015-01-01,2016-01-01,2016-01-01,0.10050251256281408,1.0,0.0875,0.16091954022988506,0.9333333333333333,0.175,0.29473684210526313,0.5897435897435898,0.2875,0.38655462184873945,0.4430379746835443,0.4375,0.44025157232704404,0.34591194968553457,0.6875,0.46025104602510464,0.3025210084033613,0.9,0.45283018867924524,0.20100502512562815,1.0,0.3347280334728034,0.9003666201117319
53,RF,"RandomForestClassifier(bootstrap=True, class_weight=None, criterion='gini',
                       max_depth=50, max_features='log2', max_leaf_nodes=None,
                       min_impurity_decrease=0.0, min_impurity_split=None,
                       min_samples_leaf=1, min_samples_split=10,
                       min_weight_fraction_leaf=0.0, n_estimators=10000,
                       n_jobs=-1, oob_score=False, random_state=None, verbose=0,
                       warm_start=False)","{'max_depth': 5, 'max_features': 'log2', 'min_samples_split': 2, 'n_estimators': 10000, 'n_jobs': -1}",2016-01-01,2010-01-01,2015-01-01,2016-01-01,2016-01-01,0.10050251256281408,1.0,0.0875,0.16091954022988506,0.9333333333333333,0.175,0.29473684210526313,0.5641025641025641,0.275,0.3697478991596639,0.5063291139240507,0.5,0.5031446540880503,0.37735849056603776,0.75,0.5020920502092051,0.3025210084033613,0.9,0.45283018867924524,0.20100502512562815,1.0,0.3347280334728034,0.9088512569832402
54,RF,"RandomForestClassifier(bootstrap=True, class_weight=None, criterion='gini',
                       max_depth=50, max_features='log2', max_leaf_nodes=None,
                       min_impurity_decrease=0.0, min_impurity_split=None,
                       min_samples_leaf=1, min_samples_split=10,
                       min_weight_fraction_leaf=0.0, n_estimators=10000,
                       n_jobs=-1, oob_score=False, random_state=None, verbose=0,
                       warm_start=False)","{'max_depth': 5, 'max_features': 'log2', 'min_samples_split': 10, 'n_estimators': 100, 'n_jobs': -1}",2016-01-01,2010-01-01,2015-01-01,2016-01-01,2016-01-01,0.10050251256281408,1.0,0.0875,0.16091954022988506,0.8666666666666667,0.1625,0.27368421052631575,0.6410256410256411,0.3125,0.42016806722689076,0.4936708860759494,0.4875,0.49056603773584906,0.3710691823899371,0.7375,0.4937238493723849,0.3067226890756303,0.9125,0.459119496855346,0.20100502512562815,1.0,0.3347280334728034,0.9102304469273743
55,RF,"RandomForestClassifier(bootstrap=True, class_weight=None, criterion='gini',
                       max_depth=50, max_features='log2', max_leaf_nodes=None,
                       min_impurity_decrease=0.0, min_impurity_split=None,
                       min_samples_leaf=1, min_samples_split=10,
                       min_weight_fraction_leaf=0.0, n_estimators=10000,
                       n_jobs=-1, oob_score=False, random_state=None, verbose=0,
                       warm_start=False)","{'max_depth': 5, 'max_features': 'log2', 'min_samples_split': 10, 'n_estimators': 10000, 'n_jobs': -1}",2016-01-01,2010-01-01,2015-01-01,2016-01-01,2016-01-01,0.10050251256281408,1.0,0.0875,0.16091954022988506,0.9333333333333333,0.175,0.29473684210526313,0.5641025641025641,0.275,0.3697478991596639,0.4936708860759494,0.4875,0.49056603773584906,0.37735849056603776,0.75,0.5020920502092051,0.3025210084033613,0.9,0.45283018867924524,0.20100502512562815,1.0,0.3347280334728034,0.9078037709497206
56,RF,"RandomForestClassifier(bootstrap=True, class_weight=None, criterion='gini',
                       max_depth=50, max_features='log2', max_leaf_nodes=None,
                       min_impurity_decrease=0.0, min_impurity_split=None,
                       min_samples_leaf=1, min_samples_split=10,
                       min_weight_fraction_leaf=0.0, n_estimators=10000,
                       n_jobs=-1, oob_score=False, random_state=None, verbose=0,
                       warm_start=False)","{'max_depth': 50, 'max_features': 'sqrt', 'min_samples_split': 2, 'n_estimators': 100, 'n_jobs': -1}",2016-01-01,2010-01-01,2015-01-01,2016-01-01,2016-01-01,0.10050251256281408,1.0,0.0875,0.16091954022988506,0.8666666666666667,0.1625,0.27368421052631575,0.6666666666666666,0.325,0.4369747899159664,0.5443037974683544,0.5375,0.5408805031446542,0.389937106918239,0.775,0.5188284518828452,0.31092436974789917,0.925,0.46540880503144655,0.1984924623115578,0.9875,0.3305439330543933,0.9199895251396648
57,RF,"RandomForestClassifier(bootstrap=True, class_weight=None, criterion='gini',
                       max_depth=50, max_features='log2', max_leaf_nodes=None,
                       min_impurity_decrease=0.0, min_impurity_split=None,
                       min_samples_leaf=1, min_samples_split=10,
                       min_weight_fraction_leaf=0.0, n_estimators=10000,
                       n_jobs=-1, oob_score=False, random_state=None, verbose=0,
                       warm_start=False)","{'max_depth': 50, 'max_features': 'sqrt', 'min_samples_split': 2, 'n_estimators': 10000, 'n_jobs': -1}",2016-01-01,2010-01-01,2015-01-01,2016-01-01,2016-01-01,0.10050251256281408,1.0,0.0875,0.16091954022988506,0.8,0.15,0.2526315789473684,0.6410256410256411,0.3125,0.42016806722689076,0.5316455696202531,0.525,0.5283018867924528,0.41509433962264153,0.825,0.5523012552301254,0.31512605042016806,0.9375,0.4716981132075472,0.1984924623115578,0.9875,0.3305439330543933,0.92486906424581
58,RF,"RandomForestClassifier(bootstrap=True, class_weight=None, criterion='gini',
                       max_depth=50, max_features='log2', max_leaf_nodes=None,
                       min_impurity_decrease=0.0, min_impurity_split=None,
                       min_samples_leaf=1, min_samples_split=10,
                       min_weight_fraction_leaf=0.0, n_estimators=10000,
                       n_jobs=-1, oob_score=False, random_state=None, verbose=0,
                       warm_start=False)","{'max_depth': 50, 'max_features': 'sqrt', 'min_samples_split': 10, 'n_estimators': 100, 'n_jobs': -1}",2016-01-01,2010-01-01,2015-01-01,2016-01-01,2016-01-01,0.10050251256281408,1.0,0.0875,0.16091954022988506,0.8666666666666667,0.1625,0.27368421052631575,0.6923076923076923,0.3375,0.45378151260504196,0.5189873417721519,0.5125,0.5157232704402516,0.42138364779874216,0.8375,0.5606694560669456,0.31512605042016806,0.9375,0.4716981132075472,0.19597989949748743,0.975,0.3263598326359833,0.9254888268156425
59,RF,"RandomForestClassifier(bootstrap=True, class_weight=None, criterion='gini',
                       max_depth=50, max_features='log2', max_leaf_nodes=None,
                       min_impurity_decrease=0.0, min_impurity_split=None,
                       min_samples_leaf=1, min_samples_split=10,
                       min_weight_fraction_leaf=0.0, n_estimators=10000,
                       n_jobs=-1, oob_score=False, random_state=None, verbose=0,
                       warm_start=False)","{'max_depth': 50, 'max_features': 'sqrt', 'min_samples_split': 10, 'n_estimators': 10000, 'n_jobs': -1}",2016-01-01,2010-01-01,2015-01-01,2016-01-01,2016-01-01,0.10050251256281408,1.0,0.0875,0.16091954022988506,0.8,0.15,0.2526315789473684,0.6153846153846154,0.3,0.40336134453781514,0.5316455696202531,0.525,0.5283018867924528,0.41509433962264153,0.825,0.5523012552301254,0.31932773109243695,0.95,0.4779874213836478,0.1984924623115578,0.9875,0.3305439330543933,0.9263093575418995
60,RF,"RandomForestClassifier(bootstrap=True, class_weight=None, criterion='gini',
                       max_depth=50, max_features='log2', max_leaf_nodes=None,
                       min_impurity_decrease=0.0, min_impurity_split=None,
                       min_samples_leaf=1, min_samples_split=10,
                       min_weight_fraction_leaf=0.0, n_estimators=10000,
                       n_jobs=-1, oob_score=False, random_state=None, verbose=0,
                       warm_start=False)","{'max_depth': 50, 'max_features': 'log2', 'min_samples_split': 2, 'n_estimators': 100, 'n_jobs': -1}",2016-01-01,2010-01-01,2015-01-01,2016-01-01,2016-01-01,0.10050251256281408,0.8571428571428571,0.075,0.13793103448275862,0.8666666666666667,0.1625,0.27368421052631575,0.5897435897435898,0.2875,0.38655462184873945,0.45569620253164556,0.45,0.45283018867924535,0.3836477987421384,0.7625,0.5104602510460251,0.31932773109243695,0.95,0.4779874213836478,0.20100502512562815,1.0,0.3347280334728034,0.915040153631285
61,RF,"RandomForestClassifier(bootstrap=True, class_weight=None, criterion='gini',
                       max_depth=50, max_features='log2', max_leaf_nodes=None,
                       min_impurity_decrease=0.0, min_impurity_split=None,
                       min_samples_leaf=1, min_samples_split=10,
                       min_weight_fraction_leaf=0.0, n_estimators=10000,
                       n_jobs=-1, oob_score=False, random_state=None, verbose=0,
                       warm_start=False)","{'max_depth': 50, 'max_features': 'log2', 'min_samples_split': 2, 'n_estimators': 10000, 'n_jobs': -1}",2016-01-01,2010-01-01,2015-01-01,2016-01-01,2016-01-01,0.10050251256281408,1.0,0.0875,0.16091954022988506,0.8,0.15,0.2526315789473684,0.6153846153846154,0.3,0.40336134453781514,0.5316455696202531,0.525,0.5283018867924528,0.4025157232704403,0.8,0.5355648535564853,0.31092436974789917,0.925,0.46540880503144655,0.1984924623115578,0.9875,0.3305439330543933,0.9246595670391061
62,RF,"RandomForestClassifier(bootstrap=True, class_weight=None, criterion='gini',
                       max_depth=50, max_features='log2', max_leaf_nodes=None,
                       min_impurity_decrease=0.0, min_impurity_split=None,
                       min_samples_leaf=1, min_samples_split=10,
                       min_weight_fraction_leaf=0.0, n_estimators=10000,
                       n_jobs=-1, oob_score=False, random_state=None, verbose=0,
                       warm_start=False)","{'max_depth': 50, 'max_features': 'log2', 'min_samples_split': 10, 'n_estimators': 100, 'n_jobs': -1}",2016-01-01,2010-01-01,2015-01-01,2016-01-01,2016-01-01,0.10050251256281408,0.8571428571428571,0.075,0.13793103448275862,0.8666666666666667,0.1625,0.27368421052631575,0.5897435897435898,0.2875,0.38655462184873945,0.5316455696202531,0.525,0.5283018867924528,0.41509433962264153,0.825,0.5523012552301254,0.31932773109243695,0.95,0.4779874213836478,0.1984924623115578,0.9875,0.3305439330543933,0.9243191340782123
63,RF,"RandomForestClassifier(bootstrap=True, class_weight=None, criterion='gini',
                       max_depth=50, max_features='log2', max_leaf_nodes=None,
                       min_impurity_decrease=0.0, min_impurity_split=None,
                       min_samples_leaf=1, min_samples_split=10,
                       min_weight_fraction_leaf=0.0, n_estimators=10000,
                       n_jobs=-1, oob_score=False, random_state=None, verbose=0,
                       warm_start=False)","{'max_depth': 50, 'max_features': 'log2', 'min_samples_split': 10, 'n_estimators': 10000, 'n_jobs': -1}",2016-01-01,2010-01-01,2015-01-01,2016-01-01,2016-01-01,0.10050251256281408,1.0,0.0875,0.16091954022988506,0.8666666666666667,0.1625,0.27368421052631575,0.5897435897435898,0.2875,0.38655462184873945,0.5316455696202531,0.525,0.5283018867924528,0.4088050314465409,0.8125,0.5439330543933054,0.31512605042016806,0.9375,0.4716981132075472,0.1984924623115578,0.9875,0.3305439330543933,0.9243191340782123
